date_stamp,time_stamp,mini_volts,temperature,irradiance
150623,00:00:00,-0.15625,29.6572825183,-2.85664275447
150623,00:01:00,-0.171875,29.6887689728,-3.14225767557
150623,00:02:00,-0.1640625,29.6887689728,-2.99942778122
150623,00:03:00,-0.2578125,29.562824927,-4.71368264923
150623,00:04:00,-0.1171875,29.5313396539,-2.14261667603
150623,00:05:00,-0.171875,29.6257963592,-3.14235638535
150623,00:06:00,-0.3125,29.5943104954,-5.71346498523
150623,00:07:00,-0.140625,29.6257963592,-2.57101886074
150623,00:08:00,-0.1640625,29.6257963592,-2.9995220042
150623,00:09:00,-0.15625,29.562824927,-2.85677736317
150623,00:10:00,-0.1875,29.6572825183,-3.42797130536
150623,00:11:00,-0.1328125,29.7832301084,-2.42799379654
150623,00:12:00,-0.109375,29.5943104954,-1.99971274483
150623,00:13:00,-0.2265625,29.562824927,-4.14232717659
150623,00:14:00,-0.1875,29.6572825183,-3.42797130536
150623,00:15:00,-0.1640625,29.5313396539,-2.99966334645
150623,00:16:00,-0.109375,29.562824927,-1.99974415422
150623,00:17:00,-0.1875,29.4998546761,-3.42824052869
150623,00:18:00,-0.1875,29.3739177179,-3.42845592871
150623,00:19:00,-0.1328125,29.4368856064,-2.42841332698
150623,00:20:00,-0.15625,29.4998546761,-2.85686710724
150623,00:21:00,-0.15625,29.562824927,-2.85677736317
150623,00:22:00,-0.1796875,29.4998546761,-3.28539717333
150623,00:23:00,-0.0703125,29.4998546761,-1.28559019826
150623,00:24:00,-0.1796875,29.4683699936,-3.28544877788
150623,00:25:00,-0.1796875,29.6887689728,-3.28508756991
150623,00:26:00,-0.109375,29.6257963592,-1.99968133613
150623,00:27:00,-0.109375,29.4998546761,-1.99980697507
150623,00:28:00,-0.15625,29.562824927,-2.85677736317
150623,00:29:00,-0.140625,29.562824927,-2.57109962685
150623,00:30:00,-0.234375,29.3739177179,-4.28556991089
150623,00:31:00,-0.1875,29.4368856064,-3.42834822633
150623,00:32:00,-0.2578125,29.4998546761,-4.71383072695
150623,00:33:00,-0.078125,29.4683699936,-1.42845599038
150623,00:34:00,-0.171875,29.2794680997,-3.14289936692
150623,00:35:00,-0.2421875,29.4054015145,-4.4283526827
150623,00:36:00,-0.1171875,29.4368856064,-2.14271764146
150623,00:37:00,-0.21875,29.4683699936,-3.99967677307
150623,00:38:00,-0.21875,29.3739177179,-3.99986525017
150623,00:39:00,-0.125,29.4368856064,-2.28556548422
150623,00:40:00,-0.15625,29.5313396539,-2.85682223471
150623,00:41:00,-0.1796875,29.3424342166,-3.28565520745
150623,00:42:00,-0.203125,29.4368856064,-3.71404391186
150623,00:43:00,-0.171875,29.4683699936,-3.14260317884
150623,00:44:00,-0.15625,29.4683699936,-2.85691198077
150623,00:45:00,-0.1484375,29.4998546761,-2.71402375188
150623,00:46:00,-0.2734375,29.3739177179,-4.99983156271
150623,00:47:00,-0.15625,29.3424342166,-2.85709148474
150623,00:48:00,-0.1796875,29.3109510105,-3.28570681769
150623,00:49:00,-0.1171875,29.4368856064,-2.14271764146
150623,00:50:00,-0.2890625,29.3424342166,-5.28561924677
150623,00:51:00,-0.0703125,29.2479854841,-1.2857517554
150623,00:52:00,-0.1640625,29.2165031638,-3.00013455476
150623,00:53:00,-0.1796875,29.2479854841,-3.28581004157
150623,00:54:00,-0.1171875,29.2165031638,-2.1429532534
150623,00:55:00,-0.21875,29.1850211387,-4.00024224174
150623,00:56:00,-0.109375,29.2794680997,-2.00002686986
150623,00:57:00,-0.1171875,29.1850211387,-2.14298691522
150623,00:58:00,-0.140625,29.2794680997,-2.57146311839
150623,00:59:00,-0.1015625,29.2479854841,-1.85719698002
150623,01:00:00,-0.125,29.0276154415,-2.28603225112
150623,01:01:00,-0.15625,29.1220579742,-2.85740565477
150623,01:02:00,-0.2734375,29.2165031638,-5.00022425794
150623,01:03:00,-0.1640625,29.2165031638,-3.00013455476
150623,01:04:00,-0.1953125,29.2165031638,-3.57158875567
150623,01:05:00,-0.1875,29.0905768348,-3.42894064819
150623,01:06:00,-0.1875,29.0905768348,-3.42894064819
150623,01:07:00,-0.1796875,29.0276154415,-3.28617136099
150623,01:08:00,-0.0703125,29.0276154415,-1.28589314126
150623,01:09:00,-0.1640625,28.9961351876,-3.00046446237
150623,01:10:00,-0.171875,29.0276154415,-3.14329434529
150623,01:11:00,-0.1640625,28.9961351876,-3.00046446237
150623,01:12:00,-0.1171875,28.9331755654,-2.14325623646
150623,01:13:00,-0.234375,29.0590959905,-4.2862431398
150623,01:14:00,-0.046875,28.9961351876,-0.857275560678
150623,01:15:00,-0.1953125,28.9331755654,-3.57209372743
150623,01:16:00,-0.265625,28.8702171239,-4.85820010149
150623,01:17:00,-0.140625,28.9331755654,-2.57190748375
150623,01:18:00,-0.1484375,28.8702171239,-2.71487652731
150623,01:19:00,-0.2578125,28.9331755654,-4.71516372021
150623,01:20:00,-0.0625,28.8387383458,-1.14312386356
150623,01:21:00,-0.1953125,28.9016961971,-3.57214984159
150623,01:22:00,-0.1875,28.9016961971,-3.42926384792
150623,01:23:00,-0.09375,28.8702171239,-1.71465885935
150623,01:24:00,-0.1484375,28.9016961971,-2.71483387961
150623,01:25:00,-0.1953125,28.9961351876,-3.57198150283
150623,01:26:00,-0.15625,28.8702171239,-2.85776476558
150623,01:27:00,-0.15625,28.964655229,-2.85763009161
150623,01:28:00,-0.078125,29.0276154415,-1.42877015695
150623,01:29:00,-0.140625,29.0590959905,-2.57174588388
150623,01:30:00,-0.171875,28.9961351876,-3.14334372249
150623,01:31:00,-0.1875,28.9961351876,-3.42910224271
150623,01:32:00,-0.1640625,28.9961351876,-3.00046446237
150623,01:33:00,-0.1171875,28.964655229,-2.14322256871
150623,01:34:00,-0.1484375,29.0590959905,-2.71462065521
150623,01:35:00,0.015625,28.9331755654,0.285767498194
150623,01:36:00,-0.1484375,28.9331755654,-2.71479123285
150623,01:37:00,-0.1875,28.9961351876,-3.42910224271
150623,01:38:00,-0.2265625,28.964655229,-4.14356363283
150623,01:39:00,-0.140625,29.0276154415,-2.57178628251
150623,01:40:00,-0.15625,28.9961351876,-2.85758520226
150623,01:41:00,-0.0859375,28.9961351876,-1.57167186124
150623,01:42:00,-0.15625,29.0590959905,-2.85749542654
150623,01:43:00,-0.25,29.1220579742,-4.57184904763
150623,01:44:00,-0.1796875,28.9331755654,-3.28632622924
150623,01:45:00,-0.1640625,28.9331755654,-3.00055873104
150623,01:46:00,-0.15625,28.964655229,-2.85763009161
150623,01:47:00,-0.1953125,28.964655229,-3.57203761451
150623,01:48:00,-0.1015625,28.8072598629,-1.85760545957
150623,01:49:00,-0.2421875,28.8387383458,-4.42960497128
150623,01:50:00,-0.1640625,28.8387383458,-3.00070014183
150623,01:51:00,-0.2734375,28.7757816751,-5.00132403482
150623,01:52:00,-0.109375,28.9331755654,-2.00037248736
150623,01:53:00,-0.203125,28.8072598629,-3.71521091914
150623,01:54:00,-0.2265625,28.7443037824,-4.14401929987
150623,01:55:00,-0.171875,28.8072598629,-3.1436400085
150623,01:56:00,-0.1484375,28.8072598629,-2.71496182552
150623,01:57:00,-0.1640625,28.8072598629,-3.00074728084
150623,01:58:00,-0.1484375,28.8702171239,-2.71487652731
150623,01:59:00,-0.1796875,28.7443037824,-3.28663599645
150623,02:00:00,-0.15625,28.8072598629,-2.85785455318
150623,02:01:00,-0.125,28.7128261848,-2.2863913936
150623,02:02:00,-0.1640625,28.8387383458,-3.00070014183
150623,02:03:00,-0.203125,28.9331755654,-3.71497747653
150623,02:04:00,-0.0625,28.8072598629,-1.14314182127
150623,02:05:00,-0.0625,28.9016961971,-1.14308794931
150623,02:06:00,-0.1328125,28.8072598629,-2.42917637021
150623,02:07:00,-0.1484375,28.8072598629,-2.71496182552
150623,02:08:00,-0.140625,28.8072598629,-2.57206909787
150623,02:09:00,-0.1484375,28.8387383458,-2.71491917594
150623,02:10:00,-0.109375,28.8387383458,-2.00046676122
150623,02:11:00,-0.203125,28.8387383458,-3.71515255656
150623,02:12:00,-0.1953125,28.8387383458,-3.57226207361
150623,02:13:00,-0.140625,28.7757816751,-2.57210950362
150623,02:14:00,-0.15625,28.8072598629,-2.85785455318
150623,02:15:00,-0.109375,28.8072598629,-2.00049818723
150623,02:16:00,-0.171875,28.7128261848,-3.1437881662
150623,02:17:00,-0.171875,28.649871875,-3.14388694345
150623,02:18:00,-0.1796875,28.7443037824,-3.28663599645
150623,02:19:00,-0.265625,28.649871875,-4.85873436715
150623,02:20:00,-0.21875,28.7443037824,-4.00112208264
150623,02:21:00,-0.1640625,28.7443037824,-3.00084156198
150623,02:22:00,-0.171875,28.6183951627,-3.1439363337
150623,02:23:00,-0.140625,28.6813488824,-2.57223072623
150623,02:24:00,-0.1171875,28.8387383458,-2.14335724417
150623,02:25:00,-0.1484375,28.7128261848,-2.7150897799
150623,02:26:00,-0.125,28.8072598629,-2.28628364255
150623,02:27:00,-0.15625,28.6183951627,-2.85812393973
150623,02:28:00,-0.171875,28.5554426233,-3.14403511748
150623,02:29:00,-0.0234375,28.5869187455,-0.428725326143
150623,02:30:00,-0.1875,28.5869187455,-3.42980260914
150623,02:31:00,-0.15625,28.6183951627,-2.85812393973
150623,02:32:00,-0.2109375,28.6813488824,-3.85834608935
150623,02:33:00,-0.0625,28.6813488824,-1.1432136561
150623,02:34:00,-0.2890625,28.5239667962,-5.28777849578
150623,02:35:00,-0.140625,28.4924912642,-2.5724731955
150623,02:36:00,-0.1640625,28.5869187455,-3.001077283
150623,02:37:00,-0.171875,28.5554426233,-3.14403511748
150623,02:38:00,-0.1875,28.7128261848,-3.4295870904
150623,02:39:00,-0.1171875,28.4610160272,-2.14376134181
150623,02:40:00,-0.2578125,28.4610160272,-4.71627495197
150623,02:41:00,-0.140625,28.4610160272,-2.57251361017
150623,02:42:00,-0.1640625,28.4295410852,-3.00131303001
150623,02:43:00,-0.171875,28.4610160272,-3.14418330132
150623,02:44:00,-0.1953125,28.4295410852,-3.57299170239
150623,02:45:00,-0.2265625,28.3980664383,-4.14473549016
150623,02:46:00,-0.171875,28.3351180294,-3.14438089501
150623,02:47:00,-0.3515625,28.3665920863,-6.43158714876
150623,02:48:00,-0.15625,28.3351180294,-2.85852808637
150623,02:49:00,-0.15625,28.2721708006,-2.85861790763
150623,02:50:00,-0.1953125,28.2092247517,-3.57338466605
150623,02:51:00,-0.1640625,28.2092247517,-3.00164311949
150623,02:52:00,-0.1640625,28.1462798827,-3.00173744012
150623,02:53:00,-0.15625,28.2406976287,-2.85866281974
150623,02:54:00,-0.140625,28.2406976287,-2.57279653777
150623,02:55:00,-0.1484375,28.1148078906,-2.71590035419
150623,02:56:00,-0.1953125,28.3036442675,-3.57321624563
150623,02:57:00,-0.1796875,28.0833361935,-3.28772050444
150623,02:58:00,-0.1640625,28.020393684,-3.00192609388
150623,02:59:00,-0.140625,28.1777521697,-2.57287738224
150623,03:00:00,-0.1796875,28.2406976287,-3.2874622427
150623,03:01:00,-0.171875,28.2721708006,-3.14447969839
150623,03:02:00,-0.15625,28.2406976287,-2.85866281974
150623,03:03:00,-0.140625,28.1777521697,-2.57287738224
150623,03:04:00,-0.1875,28.1148078906,-3.43061097372
150623,03:05:00,-0.0546875,28.2092247517,-1.0005477065
150623,03:06:00,-0.21875,28.0833361935,-4.00244235323
150623,03:07:00,-0.2421875,28.1148078906,-4.43120584105
150623,03:08:00,-0.1796875,28.1777521697,-3.28756554398
150623,03:09:00,-0.1484375,28.020393684,-2.71602837065
150623,03:10:00,-0.140625,28.1777521697,-2.57287738224
150623,03:11:00,-0.171875,28.1148078906,-3.14472672591
150623,03:12:00,-0.171875,27.9574523542,-3.14497378066
150623,03:13:00,-0.09375,27.9889228716,-1.71541329138
150623,03:14:00,-0.1953125,28.1777521697,-3.57344080867
150623,03:15:00,0.0703125,28.1777521697,1.28643869112
150623,03:16:00,-0.171875,28.2092247517,-3.14457850613
150623,03:17:00,-0.1796875,28.1462798827,-3.28761719632
150623,03:18:00,-0.171875,28.1777521697,-3.14462791163
150623,03:19:00,-0.21875,28.1148078906,-4.00237946933
150623,03:20:00,-0.0234375,28.1462798827,-0.428819634303
150623,03:21:00,-0.21875,28.0518647913,-4.0025052385
150623,03:22:00,-0.125,28.0833361935,-2.28710991613
150623,03:23:00,-0.1875,28.1148078906,-3.43061097372
150623,03:24:00,-0.1484375,27.9889228716,-2.71607104468
150623,03:25:00,-0.1953125,28.0518647913,-3.57366539152
150623,03:26:00,-0.1640625,28.2406976287,-3.00159596073
150623,03:27:00,-0.1875,28.2406976287,-3.43039538369
150623,03:28:00,-0.171875,28.3351180294,-3.14438089501
150623,03:29:00,-0.15625,28.2721708006,-2.85861790763
150623,03:30:00,-0.25,28.3351180294,-4.57364493819
150623,03:31:00,-0.140625,28.4924912642,-2.5724731955
150623,03:32:00,-0.125,28.2406976287,-2.28693025579
150623,03:33:00,-0.15625,28.3351180294,-2.85852808637
150623,03:34:00,-0.1875,28.2721708006,-3.43034148915
150623,03:35:00,-0.2265625,28.1777521697,-4.14519133806
150623,03:36:00,-0.171875,28.2092247517,-3.14457850613
150623,03:37:00,-0.15625,28.2092247517,-2.85870773284
150623,03:38:00,-0.1796875,28.3036442675,-3.28735894598
150623,03:39:00,-0.15625,28.3036442675,-2.8585729965
150623,03:40:00,-0.125,28.2406976287,-2.28693025579
150623,03:41:00,-0.1640625,28.2721708006,-3.00154880301
150623,03:42:00,-0.1484375,28.2721708006,-2.71568701225
150623,03:43:00,-0.21875,28.2092247517,-4.00219082598
150623,03:44:00,-0.109375,28.2721708006,-2.00103253534
150623,03:45:00,-0.1484375,28.1777521697,-2.71581501459
150623,03:46:00,-0.203125,28.3351180294,-3.71608651228
150623,03:47:00,-0.1328125,28.2721708006,-2.42982522148
150623,03:48:00,-0.15625,28.3036442675,-2.8585729965
150623,03:49:00,-0.1484375,28.1148078906,-2.71590035419
150623,03:50:00,-0.1484375,28.3036442675,-2.71564434668
150623,03:51:00,-0.0703125,28.1462798827,-1.28645890291
150623,03:52:00,-0.1484375,28.2721708006,-2.71568701225
150623,03:53:00,-0.1640625,28.1462798827,-3.00173744012
150623,03:54:00,-0.109375,28.1148078906,-2.00118973467
150623,03:55:00,-0.1875,28.2721708006,-3.43034148915
150623,03:56:00,-0.15625,28.1777521697,-2.85875264694
150623,03:57:00,-0.15625,28.1462798827,-2.85879756202
150623,03:58:00,-0.1796875,28.0833361935,-3.28772050444
150623,03:59:00,-0.171875,28.2406976287,-3.14452910171
150623,04:00:00,-0.1875,28.2406976287,-3.43039538369
150623,04:01:00,-0.203125,28.2092247517,-3.7163200527
150623,04:02:00,-0.171875,28.3036442675,-3.14443029615
150623,04:03:00,-0.1875,28.4610160272,-3.43001814689
150623,04:04:00,-0.203125,28.3665920863,-3.7160281304
150623,04:05:00,-0.140625,28.3980664383,-2.57259444217
150623,04:06:00,-0.125,28.3980664383,-2.28675061526
150623,04:07:00,-0.171875,28.5869187455,-3.14398572505
150623,04:08:00,-0.2421875,28.6183951627,-4.43009210658
150623,04:09:00,-0.28125,28.649871875,-5.1445422711
150623,04:10:00,-0.1953125,28.649871875,-3.57259879937
150623,04:11:00,-0.203125,28.6183951627,-3.71556112165
150623,04:12:00,-0.1953125,28.6813488824,-3.57254267532
150623,04:13:00,-0.1953125,28.7128261848,-3.5724865525
150623,04:14:00,-0.1875,28.6183951627,-3.42974872768
150623,04:15:00,-0.171875,28.7757816751,-3.14368939331
150623,04:16:00,-0.15625,28.6183951627,-2.85812393973
150623,04:17:00,-0.15625,28.6813488824,-2.85803414026
150623,04:18:00,-0.1953125,28.649871875,-3.57259879937
150623,04:19:00,-0.265625,28.6183951627,-4.85881069754
150623,04:20:00,-0.28125,28.5869187455,-5.14470391372
150623,04:21:00,-0.1640625,28.7128261848,-3.0008887041
150623,04:22:00,-0.1796875,28.7443037824,-3.28663599645
150623,04:23:00,-0.171875,28.6813488824,-3.14383755428
150623,04:24:00,-0.25,28.7757816751,-4.57263911755
150623,04:25:00,-0.21875,28.7128261848,-4.00118493881
150623,04:26:00,-0.0546875,28.9331755654,-1.00018624368
150623,04:27:00,-0.1328125,28.9016961971,-2.42906189228
150623,04:28:00,-0.2890625,28.8387383458,-5.28694786895
150623,04:29:00,-0.328125,28.8702171239,-6.00130600773
150623,04:30:00,-0.15625,28.9016961971,-2.85771987327
150623,04:31:00,-0.171875,28.9331755654,-3.14344248014
150623,04:32:00,-0.1640625,28.964655229,-3.00051159619
150623,04:33:00,-0.1640625,28.964655229,-3.00051159619
150623,04:34:00,-0.1484375,29.0905768348,-2.71457801315
150623,04:35:00,-0.3125,29.0276154415,-5.71508062781
150623,04:36:00,-0.171875,28.9961351876,-3.14334372249
150623,04:37:00,-0.171875,28.9961351876,-3.14334372249
150623,04:38:00,-0.1796875,29.0276154415,-3.28617136099
150623,04:39:00,-0.1796875,28.964655229,-3.28627460535
150623,04:40:00,-0.2109375,28.9016961971,-3.85792182891
150623,04:41:00,-0.15625,28.8387383458,-2.85780965889
150623,04:42:00,-0.078125,28.9961351876,-1.42879260113
150623,04:43:00,-0.15625,28.9016961971,-2.85771987327
150623,04:44:00,-0.1484375,28.9016961971,-2.71483387961
150623,04:45:00,-0.1171875,28.8387383458,-2.14335724417
150623,04:46:00,-0.15625,29.0276154415,-2.8575403139
150623,04:47:00,-0.09375,28.9961351876,-1.71455112136
150623,04:48:00,-0.15625,28.9016961971,-2.85771987327
150623,04:49:00,-0.1484375,28.8387383458,-2.71491917594
150623,04:50:00,-0.109375,28.7757816751,-2.00052961393
150623,04:51:00,0.0,28.9331755654,0.0
150623,04:52:00,-0.1484375,28.9331755654,-2.71479123285
150623,04:53:00,-0.203125,28.9331755654,-3.71497747653
150623,04:54:00,-0.1484375,28.8072598629,-2.71496182552
150623,04:55:00,-0.3125,28.9331755654,-5.71534996389
150623,04:56:00,-0.2265625,28.9331755654,-4.14362872382
150623,04:57:00,-0.1640625,28.9331755654,-3.00055873104
150623,04:58:00,-0.25,28.7757816751,-4.57263911755
150623,04:59:00,-0.2578125,28.7757816751,-4.71553408997
150623,05:00:00,-0.1171875,28.649871875,-2.14355927962
150623,05:01:00,-0.1015625,28.649871875,-1.85775137567
150623,05:02:00,-0.2109375,28.7128261848,-3.8582854767
150623,05:03:00,-0.171875,28.649871875,-3.14388694345
150623,05:04:00,-0.15625,28.649871875,-2.8580790395
150623,05:05:00,-0.171875,28.7443037824,-3.14373877921
150623,05:06:00,-0.1484375,28.7443037824,-2.7150471275
150623,05:07:00,-0.140625,28.6813488824,-2.57223072623
150623,05:08:00,-0.15625,28.649871875,-2.8580790395
150623,05:09:00,-0.1328125,28.6183951627,-2.42940534877
150623,05:10:00,-0.140625,28.7128261848,-2.5721903178
150623,05:11:00,-0.0625,28.7128261848,-1.1431956968
150623,05:12:00,-0.1484375,28.7443037824,-2.7150471275
150623,05:13:00,-0.1328125,28.8702171239,-2.42910005075
150623,05:14:00,-0.1796875,28.7757816751,-3.28658436574
150623,05:15:00,-0.125,28.7757816751,-2.28631955877
150623,05:16:00,-0.140625,28.7443037824,-2.57214991027
150623,05:17:00,-0.1875,28.8387383458,-3.42937159067
150623,05:18:00,-0.2421875,28.9331755654,-4.42939622201
150623,05:19:00,-0.1015625,28.9331755654,-1.85748873826
150623,05:20:00,-0.1640625,28.9331755654,-3.00055873104
150623,05:21:00,-0.2109375,28.8702171239,-3.85798243354
150623,05:22:00,-0.1484375,28.964655229,-2.71474858703
150623,05:23:00,-0.171875,28.964655229,-3.14339310077
150623,05:24:00,-0.1640625,28.9016961971,-3.00060586693
150623,05:25:00,-0.1015625,28.7757816751,-1.8576346415
150623,05:26:00,-0.171875,28.8387383458,-3.14359062478
150623,05:27:00,-0.109375,28.8702171239,-2.00043533591
150623,05:28:00,-0.203125,28.8702171239,-3.71509419526
150623,05:29:00,-0.1640625,28.8702171239,-3.00065300386
150623,05:30:00,-0.15625,28.8387383458,-2.85780965889
150623,05:31:00,-0.078125,28.7128261848,-1.428994621
150623,05:32:00,-0.15625,28.8072598629,-2.85785455318
150623,05:33:00,-0.171875,28.649871875,-3.14388694345
150623,05:34:00,-0.1796875,28.6813488824,-3.2867392613
150623,05:35:00,-0.15625,28.5239667962,-2.85825864637
150623,05:36:00,-0.21875,28.5554426233,-4.00149924043
150623,05:37:00,-0.1484375,28.4924912642,-2.71538837303
150623,05:38:00,-0.15625,28.4924912642,-2.85830355056
150623,05:39:00,-0.1328125,28.5554426233,-2.42948168169
150623,05:40:00,-0.234375,28.5239667962,-4.28738796955
150623,05:41:00,-0.1796875,28.5239667962,-3.28699744332
150623,05:42:00,-0.1015625,28.3351180294,-1.85804325614
150623,05:43:00,-0.140625,28.3665920863,-2.57263485951
150623,05:44:00,-0.203125,28.3980664383,-3.7159697498
150623,05:45:00,-0.234375,28.4610160272,-4.28752268361
150623,05:46:00,-0.1484375,28.3665920863,-2.71555901837
150623,05:47:00,-0.1796875,28.3665920863,-3.28725565381
150623,05:48:00,-0.2109375,28.3351180294,-3.8590129166
150623,05:49:00,-0.171875,28.3036442675,-3.14443029615
150623,05:50:00,-0.1015625,28.3665920863,-1.8580140652
150623,05:51:00,-0.203125,28.3665920863,-3.7160281304
150623,05:52:00,-0.015625,28.3036442675,-0.28585729965
150623,05:53:00,-0.140625,28.4295410852,-2.57255402572
150623,05:54:00,-0.1640625,28.3036442675,-3.00150164633
150623,05:55:00,-0.203125,28.3980664383,-3.7159697498
150623,05:56:00,-0.1640625,28.2406976287,-3.00159596073
150623,05:57:00,-0.3046875,28.4924912642,-5.57369192359
150623,05:58:00,-0.1640625,28.3665920863,-3.00140733609
150623,05:59:00,-0.140625,28.3036442675,-2.57271569685
150623,06:00:00,-0.2109375,28.3351180294,-3.8590129166
150623,06:01:00,-0.40625,28.2721708006,-7.43240655983
150623,06:02:00,-0.1875,28.2406976287,-3.43039538369
150623,06:03:00,-0.15625,28.2406976287,-2.85866281974
150623,06:04:00,-0.140625,28.2092247517,-2.57283695956
150623,06:05:00,-0.140625,28.3665920863,-2.57263485951
150623,06:06:00,-0.1484375,28.4610160272,-2.71543103296
150623,06:07:00,-0.1484375,28.3351180294,-2.71560168205
150623,06:08:00,-0.078125,28.3351180294,-1.42926404319
150623,06:09:00,-0.1953125,28.3665920863,-3.57310397154
150623,06:10:00,-0.078125,28.2092247517,-1.42935386642
150623,06:11:00,-0.1484375,28.1777521697,-2.71581501459
150623,06:12:00,-0.1796875,28.1148078906,-3.28766884981
150623,06:13:00,-0.1953125,28.1777521697,-3.57344080867
150623,06:14:00,-0.1328125,28.1462798827,-2.42997792772
150623,06:15:00,-0.15625,28.1148078906,-2.8588424781
150623,06:16:00,-0.1484375,28.0518647913,-2.71598569756
150623,06:17:00,-0.171875,28.020393684,-3.14487495549
150623,06:18:00,-0.203125,28.0833361935,-3.71655361371
150623,06:19:00,-0.1171875,27.9574523542,-2.144300305
150623,06:20:00,-0.171875,28.0518647913,-3.14482554454
150623,06:21:00,-0.1484375,28.1148078906,-2.71590035419
150623,06:22:00,-0.25,28.0833361935,-4.57421983226
150623,06:23:00,-0.265625,27.9574523542,-4.86041402466
150623,06:24:00,-0.203125,27.894512204,-3.71690399386
150623,06:25:00,-0.1875,27.9889228716,-3.43082658276
150623,06:26:00,-0.171875,28.020393684,-3.14487495549
150623,06:27:00,-0.203125,27.9259821317,-3.71684559395
150623,06:28:00,-0.1796875,27.894512204,-3.28803045611
150623,06:29:00,-0.2109375,27.9574523542,-3.85974054899
150623,06:30:00,-0.1953125,28.0518647913,-3.57366539152
150623,06:31:00,-0.171875,27.9574523542,-3.14497378066
150623,06:32:00,-0.1328125,28.020393684,-2.43013064742
150623,06:33:00,-0.1484375,28.0518647913,-2.71598569756
150623,06:34:00,-0.140625,27.9574523542,-2.57316036599
150623,06:35:00,-0.1484375,27.9259821317,-2.71615639558
150623,06:36:00,-0.1328125,27.9889228716,-2.43016882945
150623,06:37:00,-0.1484375,28.0833361935,-2.7159430254
150623,06:38:00,-0.1875,28.0833361935,-3.43066487419
150623,06:39:00,-0.1171875,27.894512204,-2.14436768877
150623,06:40:00,-0.1171875,27.8315732334,-2.14443507551
150623,06:41:00,-0.171875,27.9259821317,-3.14502319488
150623,06:42:00,-0.1015625,27.894512204,-1.85845199693
150623,06:43:00,-0.125,27.894512204,-2.28732553468
150623,06:44:00,-0.171875,27.8315732334,-3.14517144408
150623,06:45:00,-0.140625,27.8315732334,-2.57332209061
150623,06:46:00,-0.140625,27.9259821317,-2.57320079581
150623,06:47:00,-0.1640625,27.9574523542,-3.00202042699
150623,06:48:00,0.0,27.9259821317,0.0
150623,06:49:00,-0.2109375,28.020393684,-3.85961926356
150623,06:50:00,-0.171875,27.9574523542,-3.14497378066
150623,06:51:00,-0.140625,27.8315732334,-2.57332209061
150623,06:52:00,-0.1171875,27.9889228716,-2.14426661422
150623,06:53:00,-0.09375,27.9259821317,-1.71546719721
150623,06:54:00,-0.125,27.8630425712,-2.28736147388
150623,06:55:00,0.015625,27.9574523542,0.285906707333
150623,06:56:00,-0.0703125,27.894512204,-1.28662061326
150623,06:57:00,-0.078125,27.9574523542,-1.42953353666
150623,06:58:00,-0.046875,27.9889228716,-0.85770664569
150623,06:59:00,0.0078125,27.894512204,0.142957845918
150623,07:00:00,-0.125,27.9889228716,-2.28721772184
150623,07:01:00,0.0,27.8315732334,0.0
150623,07:02:00,0.0234375,27.9889228716,0.428853322845
150623,07:03:00,0.1015625,27.9574523542,1.85839359766
150623,07:04:00,0.0546875,27.8630425712,1.00072064482
150623,07:05:00,0.171875,27.8630425712,3.14512202659
150623,07:06:00,0.34375,27.894512204,6.29014522038
150623,07:07:00,0.28125,27.9574523542,5.14632073199
150623,07:08:00,0.375,28.020393684,6.86154535743
150623,07:09:00,0.6015625,28.020393684,11.0070623442
150623,07:10:00,0.5703125,28.1148078906,10.4347750451
150623,07:11:00,0.6171875,28.1462798827,11.29225037
150623,07:12:00,0.921875,28.1148078906,16.8671706208
150623,07:13:00,0.7578125,28.2092247517,13.8647325043
150623,07:14:00,0.8828125,28.4610160272,16.1496687749
150623,07:15:00,0.9609375,28.4924912642,17.5785668359
150623,07:16:00,1.0390625,28.5239667962,19.0074199983
150623,07:17:00,1.171875,28.649871875,21.4355927962
150623,07:18:00,1.328125,28.6813488824,24.2932901922
150623,07:19:00,1.53125,28.8387383458,28.0065346571
150623,07:20:00,1.671875,28.9331755654,30.5771223068
150623,07:21:00,1.8671875,28.964655229,34.1486795947
150623,07:22:00,2.046875,29.0276154415,37.4337781121
150623,07:23:00,2.28125,29.1535394089,41.7174672474
150623,07:24:00,2.375,29.2794680997,43.4291548884
150623,07:25:00,2.4453125,29.4368856064,44.7113747851
150623,07:26:00,2.640625,29.5943104954,48.2787791252
150623,07:27:00,2.6796875,29.6572825183,48.9914232392
150623,07:28:00,2.6953125,29.7832301084,49.2739917533
150623,07:29:00,2.7421875,29.8147177443,50.1301433835
150623,07:30:00,3.0703125,29.9721603551,56.1242145181
150623,07:31:00,3.0625,30.0981197615,55.977888084
150623,07:32:00,3.15625,30.2240838953,57.6878728394
150623,07:33:00,3.2265625,30.3815457114,58.9683681815
150623,07:34:00,3.4140625,30.3815457114,62.3951014414
150623,07:35:00,3.59375,30.507520484,65.6749285578
150623,07:36:00,3.671875,30.727987716,67.0952685533
150623,07:37:00,3.625,30.7594842173,66.2376930612
150623,07:38:00,3.8671875,30.9484694339,70.6563988392
150623,07:39:00,4.1484375,31.0114668716,75.7926657352
150623,07:40:00,4.703125,31.1689656408,85.9201557602
150623,07:41:00,5.46875,31.3579739236,99.8977461403
150623,07:42:00,5.7421875,31.5784970459,104.881105739
150623,07:43:00,6.078125,31.8620480767,111.001321488
150623,07:44:00,6.2734375,32.208643001,114.548418924
150623,07:45:00,6.3828125,32.3031751055,116.540038495
150623,07:46:00,6.546875,32.5552737442,119.520549009
150623,07:47:00,6.8203125,32.712845017,124.502685273
150623,07:48:00,7.046875,32.9964919665,128.620341999
150623,07:49:00,6.9140625,33.154083973,126.186330175
150623,07:50:00,6.9453125,33.3747252258,126.742738308
150623,07:51:00,7.328125,33.4377682506,133.724360912
150623,07:52:00,7.453125,33.753001157,135.984030189
150623,07:53:00,7.25,33.8160512952,132.273814702
150623,07:54:00,7.1171875,34.0682637068,129.834394185
150623,07:55:00,7.453125,34.1313197747,135.958424451
150623,07:56:00,7.34375,34.4466179077,133.942207552
150623,07:57:00,7.046875,34.3204950956,128.535590096
150623,07:58:00,7.0234375,34.4150867597,128.102057544
150623,07:59:00,6.8125,34.3520253537,124.258620603
150623,08:00:00,6.5390625,34.3204950956,119.273047572
150623,08:01:00,6.671875,34.4150867597,121.689829969
150623,08:02:00,7.484375,34.4466179077,136.507058335
150623,08:03:00,7.2421875,34.6042780968,132.079452432
150623,08:04:00,9.71875,34.8880851275,177.220752766
150623,08:05:00,10.125,35.2034544627,184.599728859
150623,08:06:00,10.484375,35.5819368459,191.115896306
150623,08:07:00,11.015625,36.0550999528,200.752616848
150623,08:08:00,6.0546875,35.9920076776,110.346212257
150623,08:09:00,12.2265625,36.0550999528,222.821166927
150623,08:10:00,13.0390625,36.3390298961,237.594907408
150623,08:11:00,13.375,36.8438536677,243.655131355
150623,08:12:00,13.71875,37.2856368903,249.862428353
150623,08:13:00,13.7265625,37.6012320184,249.965515898
150623,08:14:00,13.625,37.9168568922,248.077122631
150623,08:15:00,13.8046875,38.3272137118,251.297551965
150623,08:16:00,14.7578125,38.7376208344,268.593282308
150623,08:17:00,15.3671875,38.8954831259,279.662029059
150623,08:18:00,15.453125,39.2428063752,281.177482509
150623,08:19:00,15.8984375,39.6217455753,289.225758328
150623,08:20:00,16.765625,39.8112312662,304.973024477
150623,08:21:00,17.1328125,40.1586495682,311.598573582
150623,08:22:00,17.2109375,40.3481656646,312.990016487
150623,08:23:00,17.375,40.6008704921,315.933964957
150623,08:24:00,17.0703125,40.8220028746,310.359706351
150623,08:25:00,16.984375,41.0431498746,308.763381662
150623,08:26:00,16.671875,41.4222930339,303.025374813
150623,08:27:00,16.5703125,41.5170855389,301.165232954
150623,08:28:00,15.9609375,41.9278841078,290.030765402
150623,08:29:00,15.2109375,41.8646810437,276.410962352
150623,08:30:00,15.234375,41.7382784986,276.854216449
150623,08:31:00,14.8828125,41.5802820347,270.486463598
150623,08:32:00,13.1953125,41.7066786087,239.802101815
150623,08:33:00,10.890625,41.5486836376,197.933878522
150623,08:34:00,9.71875,41.1379316358,176.671384349
150623,08:35:00,8.984375,40.5376924959,163.370255516
150623,08:36:00,9.359375,40.3165789031,170.207860491
150623,08:37:00,10.3671875,39.9375610209,188.571216315
150623,08:38:00,10.65625,39.5901656698,193.862466066
150623,08:39:00,11.4609375,39.6533257787,208.495103954
150623,08:40:00,13.3046875,39.7164870796,242.028650777
150623,08:41:00,12.5078125,39.9375610209,227.507548848
150623,08:42:00,12.109375,39.8743955474,220.267180342
150623,08:43:00,6.171875,39.5270067529,112.284567267
150623,08:44:00,8.421875,39.2112300451,153.242708757
150623,08:45:00,8.0859375,38.7376208344,147.164662355
150623,08:46:00,7.671875,38.5481959106,139.641829734
150623,08:47:00,7.4140625,38.3272137118,134.96399367
150623,08:48:00,6.7265625,37.885293066,122.475775192
150623,08:49:00,6.4140625,37.7906033727,116.79133778
150623,08:50:00,6.25,37.4434307367,113.823615886
150623,08:51:00,6.5390625,37.3487535367,119.093560984
150623,08:52:00,7.1640625,37.3171950648,130.478504308
150623,08:53:00,8.078125,37.2540790132,147.130867143
150623,08:54:00,10.25,37.3171950648,186.682440187
150623,08:55:00,8.84375,37.4434307367,161.060416478
150623,08:56:00,9.4375,37.6959163569,171.852099042
150623,08:57:00,11.984375,37.8221663063,218.215715945
150623,08:58:00,16.859375,38.3272137118,306.904423962
150623,08:59:00,19.2109375,39.0849277032,349.580195994
150623,09:00:00,15.265625,39.8112312662,277.687460311
150623,09:01:00,13.2578125,39.7164870796,241.175936799
150623,09:02:00,14.0546875,39.7480681771,255.668066776
150623,09:03:00,13.421875,39.8428132578,244.145127404
150623,09:04:00,13.296875,39.9375610209,241.859992591
150623,09:05:00,15.1640625,40.1902348389,275.788122086
150623,09:06:00,20.2109375,40.7588207024,367.471728391
150623,09:07:00,17.734375,41.2011209685,322.372567071
150623,09:08:00,19.203125,41.7382784986,348.978289247
150623,09:09:00,17.8828125,42.2123126786,324.907887581
150623,09:10:00,13.265625,42.0542938195,241.038363286
150623,09:11:00,11.4921875,41.801479174,208.840918097
150623,09:12:00,14.0234375,41.7066786087,254.85184888
150623,09:13:00,11.390625,41.4854877387,207.027718158
150623,09:14:00,12.5078125,40.9799635257,227.389911548
150623,09:15:00,19.4765625,41.0115565509,354.075056736
150623,09:16:00,20.625,41.9910883664,374.771036388
150623,09:17:00,15.6640625,42.1175004671,284.609407941
150623,09:18:00,14.453125,42.2755223131,262.586613237
150623,09:19:00,13.3125,42.0226909436,241.893878905
150623,09:20:00,15.0546875,41.9910883664,273.554464818
150623,09:21:00,13.3515625,41.8646810437,242.622668033
150623,09:22:00,13.2265625,41.5170855389,240.392616404
150623,09:23:00,13.234375,41.2959072059,240.560994032
150623,09:24:00,14.65625,41.4222930339,266.389692198
150623,09:25:00,24.4921875,41.9278841078,445.054551901
150623,09:26:00,26.3125,43.128969349,477.847412304
150623,09:27:00,27.2109375,43.8561516682,493.985465808
150623,09:28:00,25.375,44.8365173587,460.432396136
150623,09:29:00,22.9453125,44.9946677959,416.312830446
150623,09:30:00,28.65625,45.7222562421,519.74315024
150623,09:31:00,30.4609375,46.6082300368,552.232942902
150623,09:32:00,29.7421875,47.4311304938,538.983173868
150623,09:33:00,28.7734375,48.3492203338,521.191044481
150623,09:34:00,28.671875,48.9191962304,519.205120514
150623,09:35:00,26.8515625,49.4892694869,486.105041405
150623,09:36:00,25.9765625,49.5842911654,470.242479899
150623,09:37:00,27.6484375,49.7743426407,500.460731009
150623,09:38:00,30.359375,50.3762437435,549.367744586
150623,09:39:00,29.4921875,50.6613927005,533.60043787
150623,09:40:00,30.21875,50.7247624458,546.728987454
150623,09:41:00,30.2421875,50.7881333949,547.135911409
150623,09:42:00,30.546875,51.1366951388,552.553186214
150623,09:43:00,31.4296875,51.612065323,568.388759806
150623,09:44:00,29.6015625,51.612065323,535.328116059
150623,09:45:00,26.671875,51.6754531344,482.331228959
150623,09:46:00,22.0703125,51.1050062022,399.229453968
150623,09:47:00,30.125,51.0416292324,544.947585716
150623,09:48:00,17.125,50.6613927005,309.841631738
150623,09:49:00,20.0390625,49.7743426407,362.724434879
150623,09:50:00,29.8203125,50.3445620307,539.621585869
150623,09:51:00,27.2890625,50.5980241591,493.754871106
150623,09:52:00,25.296875,50.819819321,457.659098701
150623,09:53:00,14.703125,50.2495186972,266.076888757
150623,09:54:00,13.9140625,49.6476404544,251.872376561
150623,09:55:00,14.5625,48.8558607682,263.713523531
150623,09:56:00,25.4453125,48.0009496377,460.986008446
150623,09:57:00,23.234375,47.8109991167,420.970564702
150623,09:58:00,32.140625,48.792526508,582.05546573
150623,09:59:00,20.8203125,49.4575961954,376.924702761
150623,10:00:00,28.59375,49.93272714,517.531225256
150623,10:01:00,18.9375,49.7109909461,342.795922431
150623,10:02:00,18.4296875,48.697527371,333.770855641
150623,10:03:00,39.9921875,48.9825328945,724.176523377
150623,10:04:00,39.3125,50.2495186972,711.423434765
150623,10:05:00,41.5625,51.6437590781,751.62339396
150623,10:06:00,40.4921875,51.960713198,732.153174667
150623,10:07:00,32.6953125,52.9434624945,590.888709256
150623,10:08:00,36.609375,53.57764809,661.419082616
150623,10:09:00,16.5546875,53.7044996912,299.073708835
150623,10:10:00,15.9453125,52.4044995889,288.249571872
150623,10:11:00,29.234375,52.2142981882,528.530670917
150623,10:12:00,19.4765625,52.3727986019,352.090847208
150623,10:13:00,24.25,52.4044995889,438.376614939
150623,10:14:00,27.8359375,51.5169858651,503.421368981
150623,10:15:00,17.828125,51.2000739152,322.477475611
150623,10:16:00,27.78125,50.4079257573,502.707447691
150623,10:17:00,29.390625,50.9782534668,531.67970632
150623,10:18:00,18.8671875,51.2000739152,341.27217511
150623,10:19:00,33.0078125,51.4852933149,596.965632265
150623,10:20:00,34.765625,52.1825990097,628.540423128
150623,10:21:00,32.5234375,52.6264149385,587.874392217
150623,10:22:00,23.203125,53.0385826417,419.320706185
150623,10:23:00,17.640625,51.9290164302,318.971198318
150623,10:24:00,19.5,51.6437590781,352.641351753
150623,10:25:00,32.7265625,52.0875032823,591.703224945
150623,10:26:00,31.1640625,52.5313065513,563.329558579
150623,10:27:00,32.4453125,52.7849349472,586.416404906
150623,10:28:00,32.3359375,53.1654137273,584.329922334
150623,10:29:00,19.0234375,53.3873797407,343.72738812
150623,10:30:00,17.2578125,52.5313065513,311.956629456
150623,10:31:00,20.765625,51.3902174713,375.576117937
150623,10:32:00,22.7890625,50.9465660356,412.263147477
150623,10:33:00,14.5625,50.5346568215,263.494953475
150623,10:34:00,13.9453125,49.7743426407,252.422267547
150623,10:35:00,14.5546875,48.9825328945,263.555550508
150623,10:36:00,14.40625,48.5075372086,260.928887465
150623,10:37:00,15.0859375,48.2225722401,273.278008681
150623,10:38:00,16.0234375,47.8109991167,290.319646336
150623,10:39:00,33.5546875,48.3175578599,607.80629001
150623,10:40:00,43.3515625,50.439608072,784.443192625
150623,10:41:00,46.3046875,52.1192015567,837.18552746
150623,10:42:00,43.2265625,53.4825125576,781.007985554
150623,10:43:00,46.65625,54.6560406508,842.48742179
150623,10:44:00,50.6875,56.3694995807,914.509004632
150623,10:45:00,48.7734375,57.7345514096,879.384361338
150623,10:46:00,48.296875,58.4966842798,870.465582932
150623,10:47:00,46.390625,59.1636937497,835.834641794
150623,10:48:00,35.6640625,59.5766713932,642.440325646
150623,10:49:00,41.328125,59.9261540614,744.342969385
150623,10:50:00,39.4375,59.9261540614,710.291740918
150623,10:51:00,35.765625,59.9579270338,644.149132134
150623,10:52:00,33.0546875,59.1319283618,595.566115658
150623,10:53:00,30.7734375,58.1155960293,554.740637411
150623,10:54:00,25.6484375,57.0043377879,462.607132272
150623,10:55:00,40.1015625,56.4964575395,723.471232935
150623,10:56:00,37.328125,57.1948128565,673.204296648
150623,10:57:00,44.6171875,58.5602032311,804.120618907
150623,10:58:00,41.03125,59.1319283618,739.284622887
150623,10:59:00,40.265625,59.5766713932,725.331311803
150623,11:00:00,38.1328125,59.6084410277,686.900824955
150623,11:01:00,41.0078125,59.8943813925,738.585491635
150623,11:02:00,43.8203125,60.5934502275,788.969959375
150623,11:03:00,38.4453125,60.5934502275,692.194895718
150623,11:04:00,28.15625,60.4027805184,506.991281554
150623,11:05:00,36.828125,59.8626090271,663.316130833
150623,11:06:00,18.75,59.3542924459,337.793061272
150623,11:07:00,28.0,57.8933146997,504.800161943
150623,11:08:00,17.171875,56.464717596,309.802184956
150623,11:09:00,18.59375,54.9415559376,335.706302707
150623,11:10:00,41.5859375,55.8299822484,750.497019605
150623,11:11:00,45.1796875,56.7186456157,814.996414835
150623,11:12:00,44.6328125,57.7663034618,804.716383477
150623,11:13:00,45.4375,58.9731059714,818.738596026
150623,11:14:00,45.7578125,59.4495958889,824.317199804
150623,11:15:00,39.7265625,59.8943813925,715.509092201
150623,11:16:00,31.40625,59.004869843,565.900577244
150623,11:17:00,24.828125,58.0838406447,447.573821278
150623,11:18:00,14.203125,56.4964575395,256.238204067
150623,11:19:00,16.1171875,54.592596132,291.042512086
150623,11:20:00,20.234375,53.3556694052,365.613081327
150623,11:21:00,45.9296875,54.3705498299,829.484316129
150623,11:22:00,22.1796875,54.6877633632,400.499733394
150623,11:23:00,17.296875,53.2605402088,312.550319531
150623,11:24:00,29.015625,52.4362008773,524.518456892
150623,11:25:00,30.75,52.4679024672,555.862241688
150623,11:26:00,38.0078125,53.1337055035,686.834867475
150623,11:27:00,35.5625,54.3071107472,642.274305902
150623,11:28:00,39.3515625,54.9415559376,710.484305351
150623,11:29:00,41.46875,56.0838618699,748.288603567
150623,11:30:00,38.7890625,56.7186456157,699.715925931
150623,11:31:00,39.8828125,56.7821306466,719.423603156
150623,11:32:00,45.359375,57.3535504057,817.982181277
150623,11:33:00,49.546875,58.1155960293,893.162001132
150623,11:34:00,49.375,59.0683984959,889.646752759
150623,11:35:00,45.25,60.0850219585,814.914541458
150623,11:36:00,42.3359375,60.180346339,762.399009188
150623,11:37:00,26.8203125,59.671981207,483.109381417
150623,11:38:00,42.25,59.7037517517,761.029635837
150623,11:39:00,43.3203125,60.2756734516,780.089407738
150623,11:40:00,37.5078125,60.5934502275,675.31552415
150623,11:41:00,20.0546875,59.8626090271,361.207574851
150623,11:42:00,17.1015625,57.9885763089,308.302392897
150623,11:43:00,22.5625,56.6869035542,407.011312334
150623,11:44:00,41.2265625,57.0678282666,743.558198044
150623,11:45:00,22.1875,57.0043377879,400.184055941
150623,11:46:00,24.0859375,56.5281977855,434.526975022
150623,11:47:00,42.3125,56.1155981834,763.501837364
150623,11:48:00,20.5,56.6551617953,369.811069782
150623,11:49:00,31.1640625,55.9569196399,562.379391153
150623,11:50:00,19.109375,56.1473347995,344.810988583
150623,11:51:00,15.5,54.8146572336,279.86678308
150623,11:52:00,13.421875,53.6093605376,242.488309928
150623,11:53:00,13.125,52.3727986019,237.269403654
150623,11:54:00,14.6875,51.5803718692,265.619582324
150623,11:55:00,17.53125,51.0416292324,317.132360567
150623,11:56:00,44.6171875,51.3585261257,806.978463151
150623,11:57:00,45.859375,53.22883108,828.680694987
150623,11:58:00,20.0234375,53.0068756244,361.863896539
150623,11:59:00,23.421875,52.3410979163,423.419520823
150623,12:00:00,25.4375,52.0875032823,459.915421442
150623,12:01:00,45.5,53.6727863382,822.006847161
150623,12:02:00,48.609375,55.0684594755,877.577328863
150623,12:03:00,25.5703125,55.9569196399,461.435885496
150623,12:04:00,37.8515625,56.6551617953,682.825698587
150623,12:05:00,20.375,55.9569196399,367.682489879
150623,12:06:00,33.5859375,56.9408485199,605.790496899
150623,12:07:00,18.25,56.4012386166,329.263202363
150623,12:08:00,17.546875,55.2905523004,316.750734385
150623,12:09:00,51.6875,55.2905523004,933.046686862
150623,12:10:00,52.1015625,57.7663034618,939.375732787
150623,12:11:00,44.1484375,59.3860599569,795.349492385
150623,12:12:00,31.3671875,59.2589917329,565.126115803
150623,12:13:00,29.7421875,58.6554839315,536.008364374
150623,12:14:00,18.765625,57.3535504057,338.407371586
150623,12:15:00,41.4765625,56.3060224165,748.347722812
150623,12:16:00,26.296875,56.464717596,474.428641748
150623,12:17:00,42.71875,56.6869035542,770.615601054
150623,12:18:00,22.5234375,57.0360828759,406.236834276
150623,12:19:00,42.7109375,56.5281977855,770.534859697
150623,12:20:00,26.8359375,56.9091043399,484.048119622
150623,12:21:00,23.5859375,56.2108089388,425.573117082
150623,12:22:00,21.765625,55.8299822484,392.801934364
150623,12:23:00,33.7109375,55.7030496947,608.415754456
150623,12:24:00,28.2890625,57.2265597608,510.178877665
150623,12:25:00,55.5546875,57.6710482138,1001.68149199
150623,12:26:00,57.328125,59.1636937497,1032.89905717
150623,12:27:00,23.453125,60.0532477721,422.377701963
150623,12:28:00,54.6875,59.8943813925,984.968268517
150623,12:29:00,44.59375,61.3562384032,802.594688458
150623,12:30:00,48.40625,59.8626090271,871.851240272
150623,12:31:00,51.9296875,61.1973097697,934.699244565
150623,12:32:00,53.0703125,62.5643443647,954.588843992
150623,12:33:00,25.6796875,63.168562045,461.769961001
150623,12:34:00,19.515625,61.3880250415,351.235150127
150623,12:35:00,15.9609375,59.1319283618,287.577776953
150623,12:36:00,14.8359375,57.0678282666,267.579499353
150623,12:37:00,14.6328125,55.7030496947,264.093327485
150623,12:38:00,14.5859375,54.4657107188,263.407824923
150623,12:39:00,14.6875,53.3556694052,265.387101504
150623,12:40:00,14.8671875,52.3093975322,268.772497549
150623,12:41:00,15.5390625,51.612065323,281.01547185
150623,12:42:00,18.484375,51.4852933149,334.300754069
150623,12:43:00,45.96875,52.7215260392,830.864923259
150623,12:44:00,49.0,54.2753916587,884.975266398
150623,12:45:00,27.453125,56.3694995807,495.312059537
150623,12:46:00,18.2421875,55.5126599341,329.266278817
150623,12:47:00,16.546875,54.3388301375,298.839129455
150623,12:48:00,15.3203125,52.8800505709,276.886258659
150623,12:49:00,14.53125,51.5486787166,262.797951914
150623,12:50:00,14.3671875,50.439608072,259.973153945
150623,12:51:00,14.4609375,49.7743426407,261.75552786
150623,12:52:00,13.265625,49.2042206855,240.186963683
150623,12:53:00,11.109375,48.3175578599,201.234119766
150623,12:54:00,10.453125,47.4627845617,189.426897712
150623,12:55:00,11.46875,46.9563554822,207.883658288
150623,12:56:00,13.9609375,46.6715228731,253.092940185
150623,12:57:00,37.015625,46.9247062148,670.959257814
150623,12:58:00,41.640625,49.2358915722,753.931970948
150623,12:59:00,26.46875,50.8515055481,478.852617156
150623,13:00:00,22.0703125,50.8515055481,399.279410704
150623,13:01:00,45.6953125,52.2776974495,826.103478696
150623,13:02:00,42.6953125,53.6093605376,771.361242002
150623,13:03:00,37.7109375,54.4339901205,681.033446339
150623,13:04:00,14.9296875,53.9582173799,269.683052747
150623,13:05:00,11.2890625,52.0241076375,204.11503956
150623,13:06:00,9.609375,50.5346568215,173.872742905
150623,13:07:00,9.5078125,49.2675627594,172.142749177
150623,13:08:00,9.9453125,47.9059730262,180.18506018
150623,13:09:00,9.546875,46.8930572473,173.052985911
150623,13:10:00,9.984375,46.2917838458,181.037238086
150623,13:11:00,10.8828125,45.6273444146,197.392643328
150623,13:12:00,12.84375,45.6906186666,232.952867252
150623,13:13:00,14.1328125,45.4058939694,256.369296897
150623,13:14:00,14.859375,45.6906186666,269.511163937
150623,13:15:00,15.53125,45.5007995056,281.72372733
150623,13:16:00,16.7734375,45.5957077379,304.241666
150623,13:17:00,47.0234375,46.2284982053,852.658258152
150623,13:18:00,50.5703125,49.3625781246,915.552765524
150623,13:19:00,48.4375,52.0875032823,875.760323385
150623,13:20:00,46.96875,54.0850834687,848.368990653
150623,13:21:00,44.2734375,55.4174691347,799.160377868
150623,13:22:00,44.625,56.5599383341,805.053293201
150623,13:23:00,44.2109375,57.4487965685,797.234625895
150623,13:24:00,46.453125,58.5919631614,837.196029999
150623,13:25:00,44.5,59.2272254352,801.745609604
150623,13:26:00,43.5,59.8308369651,783.496369271
150623,13:27:00,42.90625,60.3392263778,772.609062704
150623,13:28:00,47.53125,60.9748224437,855.623835782
150623,13:29:00,35.4765625,59.7990652066,638.992917735
150623,13:30:00,22.71875,58.5284436039,409.458812926
150623,13:31:00,21.5390625,56.8773604626,388.512813659
150623,13:32:00,41.40625,57.6392970702,746.589064293
150623,13:33:00,39.2265625,57.9250682665,707.188064604
150623,13:34:00,43.9140625,58.6237233949,791.423711789
150623,13:35:00,20.0859375,58.3378922054,362.041699476
150623,13:36:00,46.0859375,58.0203307846,830.811973113
150623,13:37:00,48.0234375,59.1319283618,865.267055767
150623,13:38:00,49.5078125,60.4981140066,891.41322921
150623,13:39:00,48.890625,61.7059081398,879.778425729
150623,13:40:00,45.578125,62.4371546382,819.876192042
150623,13:41:00,48.6328125,62.9459427506,874.606635603
150623,13:42:00,49.015625,63.8365094266,881.106052885
150623,13:43:00,27.8828125,63.7728896049,501.237748161
150623,13:44:00,43.421875,63.0095467416,780.869393147
150623,13:45:00,27.5390625,62.0556146571,495.475640229
150623,13:46:00,49.5078125,61.7376981213,890.870703935
150623,13:47:00,16.59375,59.7990652066,298.881514483
150623,13:48:00,13.6015625,57.6392970702,245.247464327
150623,13:49:00,13.875,55.4174691347,250.451531868
150623,13:50:00,16.046875,53.4508013169,289.935926443
150623,13:51:00,18.1953125,52.5630090455,328.897976409
150623,13:52:00,49.84375,53.6727863382,900.481401938
150623,13:53:00,50.25,55.5443908051,906.983987288
150623,13:54:00,52.03125,57.6075462295,938.181290368
150623,13:55:00,52.5,59.2907583339,945.85011103
150623,13:56:00,50.3125,60.5298924432,905.887892221
150623,13:57:00,52.8359375,61.2608803116,950.981441631
150623,13:58:00,53.5234375,61.9920289177,963.009807762
150623,13:59:00,19.7734375,61.6741184622,355.825176021
150623,14:00:00,18.671875,59.5131330343,336.359327543
150623,14:01:00,38.6796875,57.9250682665,697.328840441
150623,14:02:00,19.125,57.480545895,344.866562612
150623,14:03:00,18.5703125,55.5443908051,335.183603511
150623,14:04:00,20.34375,54.4974316191,367.382568459
150623,14:05:00,25.4765625,53.8313561209,460.225759021
150623,14:06:00,51.5703125,55.2905523004,930.931254531
150623,14:07:00,41.5234375,56.5916791853,749.088130609
150623,14:08:00,31.6953125,56.9091043399,571.698172142
150623,14:09:00,37.921875,56.5599383341,684.126170378
150623,14:10:00,41.0390625,57.480545895,740.026165606
150623,14:11:00,34.1328125,57.2900544777,615.548709444
150623,14:12:00,32.171875,57.2265597608,580.203429502
150623,14:13:00,31.15625,57.2900544777,561.869593331
150623,14:14:00,14.5078125,56.623420339,261.718706549
150623,14:15:00,11.4765625,54.9415559376,207.206957427
150623,14:16:00,12.1171875,53.5142241,218.927245399
150623,14:17:00,11.71875,52.1509001325,211.870871364
150623,14:18:00,14.484375,51.7705371108,261.921542469
150623,14:19:00,17.4765625,51.263453896,316.108478816
150623,14:20:00,19.4921875,51.009941199,352.610345443
150623,14:21:00,20.578125,52.3093975322,372.016163186
150623,14:22:00,31.34375,52.2142981882,566.666235093
150623,14:23:00,52.1328125,52.8800505709,942.20397962
150623,14:24:00,41.8984375,55.5761219784,756.231205412
150623,14:25:00,25.375,56.6551617953,457.753946132
150623,14:26:00,15.7734375,55.5761219784,284.697147814
150623,14:27:00,15.09375,54.3388301375,272.595466528
150623,14:28:00,14.8046875,53.2922496392,267.512915999
150623,14:29:00,13.359375,52.0875032823,241.540347256
150623,14:30:00,12.2578125,50.9465660356,221.748672743
150623,14:31:00,12.734375,49.4892694869,230.535704827
150623,14:32:00,47.4296875,50.6930774226,858.129162411
150623,14:33:00,30.8359375,53.5459359441,557.119490137
150623,14:34:00,49.375,55.1636403016,891.357873665
150623,14:35:00,48.6640625,56.5281977855,877.933353037
150623,14:36:00,24.8125,57.9568221363,447.320097832
150623,14:37:00,43.921875,58.5602032311,791.589234721
150623,14:38:00,46.65625,59.3225252383,840.554859711
150623,14:39:00,13.5078125,59.4178277712,243.344151295
150623,14:40:00,12.9765625,57.2265597608,234.025715494
150623,14:41:00,46.2890625,56.5916791853,835.060615965
150623,14:42:00,46.375,57.6392970702,836.179752008
150623,14:43:00,46.078125,59.2272254352,830.178301518
150623,14:44:00,44.953125,59.9579270338,809.618633966
150623,14:45:00,47.0078125,60.6252295751,846.346609683
150623,14:46:00,45.5390625,61.4515992298,819.569966247
150623,14:47:00,44.390625,61.7059081398,798.801696228
150623,14:48:00,44.6875,61.7059081398,804.143911022
150623,14:49:00,44.0390625,60.9112573703,792.78470585
150623,14:50:00,42.4375,60.7205694401,764.025174291
150623,14:51:00,44.3359375,60.9112573703,798.129005801
150623,14:52:00,44.6484375,61.5469627915,803.503693774
150623,14:53:00,44.7421875,61.5151746337,805.203408937
150623,14:54:00,45.0078125,61.9284443944,809.819396454
150623,14:55:00,44.140625,62.087407983,794.154234265
150623,14:56:00,17.4375,60.4663358736,313.975917657
150623,14:57:00,17.7734375,57.7980558169,320.444805946
150623,14:58:00,20.984375,55.8617161427,378.696880625
150623,14:59:00,46.6640625,56.2425464622,841.97035813
150623,15:00:00,46.3671875,57.6075462295,836.051945696
150623,15:01:00,47.2578125,58.4649252587,851.751625339
150623,15:02:00,41.546875,59.1001632772,748.586637505
150623,15:03:00,16.859375,58.3061346997,303.888833179
150623,15:04:00,16.21875,56.432977955,292.611185033
150623,15:05:00,19.09375,54.4339901205,344.819917724
150623,15:06:00,15.3046875,53.419090378,276.530359975
150623,15:07:00,40.015625,53.1019975813,723.129124794
150623,15:08:00,43.0390625,54.8146572336,777.109933462
150623,15:09:00,43.34375,55.7347823796,782.256746142
150623,15:10:00,43.6796875,56.845616888,787.888675051
150623,15:11:00,40.7265625,57.7345514096,734.299323347
150623,15:12:00,19.5,57.3852988238,351.645131037
150623,15:13:00,34.84375,56.6551617953,628.566071351
150623,15:14:00,37.765625,56.7503879799,681.2434928
150623,15:15:00,18.390625,56.1790717179,331.836624957
150623,15:16:00,33.3203125,55.8299822484,601.328158673
150623,15:17:00,31.0703125,55.3540101131,560.854095607
150623,15:18:00,24.890625,54.4339901205,449.507470486
150623,15:19:00,10.96875,53.1654137273,198.211937897
150623,15:20:00,11.8828125,51.4852933149,214.907627615
150623,15:21:00,11.875,50.3762437435,214.883935093
150623,15:22:00,13.2578125,49.2042206855,240.045510818
150623,15:23:00,21.140625,49.3309060356,382.747496605
150623,15:24:00,32.7265625,50.0277614487,592.305071452
150623,15:25:00,35.03125,51.1050062022,633.679600564
150623,15:26:00,38.296875,52.6264149385,692.231628789
150623,15:27:00,39.859375,53.7679273024,720.069069085
150623,15:28:00,37.140625,54.6877633632,670.65013475
150623,15:29:00,36.3125,55.5761219784,655.409778623
150623,15:30:00,18.0546875,56.2425464622,325.764858135
150623,15:31:00,38.3359375,55.7030496947,691.887857964
150623,15:32:00,15.5,54.4022698242,279.923653785
150623,15:33:00,19.5390625,53.5459359441,353.016428891
150623,15:34:00,37.3359375,53.7996415608,674.472028235
150623,15:35:00,28.9609375,54.2436728722,523.063550881
150623,15:36:00,35.59375,55.0684594755,642.597606927
150623,15:37:00,34.921875,55.4809293654,630.339728746
150623,15:38:00,35.0078125,56.1155981834,631.693451483
150623,15:39:00,29.4765625,56.2108089388,531.860672657
150623,15:40:00,20.109375,55.3540101131,362.996842367
150623,15:41:00,17.5625,53.8947861468,317.250892861
150623,15:42:00,30.9921875,53.5142241,559.95124597
150623,15:43:00,31.1171875,54.0216498205,562.06908345
150623,15:44:00,28.7578125,54.6877633632,519.281267567
150623,15:45:00,19.7109375,54.0533664937,356.032671564
150623,15:46:00,24.015625,53.419090378,433.922576091
150623,15:47:00,22.6640625,53.3873797407,409.508481698
150623,15:48:00,25.5078125,53.1019975813,460.955992279
150623,15:49:00,23.2421875,52.7849349472,420.07917279
150623,15:50:00,12.6484375,52.0875032823,228.686445735
150623,15:51:00,9.40625,50.2178381878,170.224009249
150623,15:52:00,18.125,49.109209829,328.18604951
150623,15:53:00,28.859375,49.5842911654,522.428788194
150623,15:54:00,14.6640625,50.0277614487,265.399049681
150623,15:55:00,11.9140625,48.9825328945,215.739245585
150623,15:56:00,11.7734375,48.2858956863,213.266219526
150623,15:57:00,15.0234375,47.7160279089,272.213989598
150623,15:58:00,14.0859375,48.0009496377,255.191210694
150623,15:59:00,22.734375,47.68437144,411.937133299
150623,16:00:00,32.84375,49.0458707607,594.714365224
150623,16:01:00,31.828125,50.1544780715,576.008563685
150623,16:02:00,30.0859375,50.9465660356,544.266500149
150623,16:03:00,24.953125,51.3902174713,451.313062713
150623,16:04:00,21.71875,51.1366951388,392.863902219
150623,16:05:00,16.6484375,50.7247624458,301.209791175
150623,16:06:00,14.265625,49.8060189391,258.216162357
150623,16:07:00,14.2578125,48.8558607682,258.195912255
150623,16:08:00,14.9375,48.4125461826,270.563695217
150623,16:09:00,12.671875,48.0959289514,229.562235843
150623,16:10:00,9.5546875,47.5260935977,173.140391782
150623,16:11:00,25.0859375,47.6210594027,454.560666354
150623,16:12:00,28.4140625,48.5708660611,514.625089068
150623,16:13:00,26.125,49.2042206855,473.018378419
150623,16:14:00,22.2578125,48.792526508,403.081191508
150623,16:15:00,27.921875,49.6476404544,505.441815739
150623,16:16:00,26.7109375,50.1861579792,483.392850371
150623,16:17:00,27.140625,50.7881333949,491.023031836
150623,16:18:00,27.2578125,51.1683843764,493.050617656
150623,16:19:00,26.6015625,51.7705371108,481.037137059
150623,16:20:00,25.9375,52.2142981882,468.926196538
150623,16:21:00,23.640625,52.2142981882,427.400804435
150623,16:22:00,24.5,51.8656237986,443.01371271
150623,16:23:00,25.6171875,51.960713198,463.193181503
150623,16:24:00,25.0625,52.3410979163,453.07866004
150623,16:25:00,24.7734375,52.6898220374,447.775979972
150623,16:26:00,24.8125,53.1337055035,448.383872374
150623,16:27:00,24.8125,53.2922496392,448.348823858
150623,16:28:00,24.75,53.22883108,447.233465369
150623,16:29:00,24.359375,53.22883108,440.174856383
150623,16:30:00,23.7890625,53.0702899607,429.9028916
150623,16:31:00,23.5703125,53.22883108,425.916466231
150623,16:32:00,23.671875,53.0385826417,427.791831562
150623,16:33:00,23.84375,52.9434624945,430.918122019
150623,16:34:00,23.375,52.7532303424,422.486230817
150623,16:35:00,23.015625,52.7215260392,415.997291625
150623,16:36:00,22.9296875,52.9434624945,414.398652728
150623,16:37:00,22.953125,53.0702899607,414.796287528
150623,16:38:00,22.6953125,53.0702899607,410.137241412
150623,16:39:00,22.6640625,53.22883108,409.540493383
150623,16:40:00,22.6328125,53.1971222528,408.98219859
150623,16:41:00,22.5,53.22883108,406.575877609
150623,16:42:00,22.6484375,53.1654137273,409.270945844
150623,16:43:00,22.2421875,52.9434624945,401.973752748
150623,16:44:00,22.3046875,52.6264149385,403.166319909
150623,16:45:00,22.046875,52.6264149385,398.506253864
150623,16:46:00,21.6796875,52.5947118413,391.875317298
150623,16:47:00,21.265625,52.3093975322,384.4449492
150623,16:48:00,21.078125,51.9924102671,381.114870876
150623,16:49:00,20.703125,51.6754531344,374.393016035
150623,16:50:00,20.5,51.4536010658,370.760311717
150623,16:51:00,20.734375,51.2000739152,375.046108795
150623,16:52:00,20.8671875,51.0733175667,377.47205295
150623,16:53:00,20.4609375,51.263453896,370.088558792
150623,16:54:00,18.3046875,50.9782534668,331.133852182
150623,16:55:00,18.640625,50.5346568215,337.284849244
150623,16:56:00,19.0390625,50.1544780715,344.558878179
150623,16:57:00,19.703125,49.8060189391,356.638094998
150623,16:58:00,19.484375,49.869372438,352.667557459
150623,16:59:00,19.3984375,49.742666643,351.134059221
150623,17:00:00,19.7421875,49.3942505142,357.417834286
150623,17:01:00,19.1484375,49.4892694869,346.652154927
150623,17:02:00,17.6015625,49.1725500995,318.698289738
150623,17:03:00,17.7265625,48.792526508,321.021840482
150623,17:04:00,17.40625,48.9825328945,315.191501091
150623,17:05:00,16.90625,48.9825328945,306.137526194
150623,17:06:00,17.0078125,48.7608598285,308.010349128
150623,17:07:00,16.71875,48.5392014846,302.808612549
150623,17:08:00,16.0625,48.2858956863,290.959089147
150623,17:09:00,10.0390625,48.0009496377,181.875044782
150623,17:10:00,11.8671875,47.2412123883,215.075474256
150623,17:11:00,14.890625,47.0513050842,269.896217352
150623,17:12:00,15.2734375,46.9563554822,276.847787433
150623,17:13:00,15.1171875,46.9247062148,274.019874181
150623,17:14:00,13.9375,46.639876305,252.672005209
150623,17:15:00,15.078125,46.4500031934,273.375995104
150623,17:16:00,15.078125,46.4500031934,273.375995104
150623,17:17:00,14.9375,46.1652137638,270.864534832
150623,17:18:00,14.71875,46.1019305214,266.906256293
150623,17:19:00,14.5,45.8488095404,262.972431075
150623,17:20:00,14.203125,45.7222562421,257.604429426
150623,17:21:00,13.640625,45.5324352835,247.425516262
150623,17:22:00,13.2578125,45.3109911292,240.508089244
150623,17:23:00,13.4140625,45.3109911292,243.342598251
150623,17:24:00,13.3046875,45.2160909846,241.369779818
150623,17:25:00,13.1953125,45.2793574482,239.378033781
150623,17:26:00,12.8046875,45.0895616514,232.313475071
150623,17:27:00,12.5546875,45.0895616514,227.777763538
150623,17:28:00,12.546875,44.8365173587,227.6645407
150623,17:29:00,12.3828125,44.6467467139,224.708719268
150623,17:30:00,12.25,44.6467467139,222.298594203
150623,17:31:00,11.953125,44.3621109517,216.941830182
150623,17:32:00,12.15625,44.1407443403,220.652611766
150623,17:33:00,12.046875,43.8561516682,218.698130427
150623,17:34:00,11.65625,43.9510131997,211.596808899
150623,17:35:00,11.5,43.8561516682,208.770199733
150623,17:36:00,11.296875,43.7612928288,205.092319174
150623,17:37:00,11.1953125,43.8245317559,203.242107298
150623,17:38:00,11.0859375,43.5399660051,201.284862401
150623,17:39:00,11.078125,43.3502689619,201.161917268
150623,17:40:00,11.0,43.4767324613,199.730771471
150623,17:41:00,10.9921875,43.1605826826,199.620183321
150623,17:42:00,10.8984375,42.9392956251,197.939369401
150623,17:43:00,10.640625,42.718023213,193.278126166
150623,17:44:00,10.21875,42.6548052134,185.620932529
150623,17:45:00,9.9375,42.6231966618,180.514927468
150623,17:46:00,10.015625,42.3703390051,181.956873637
150623,17:47:00,9.8046875,42.4967654433,178.113546406
150623,17:48:00,9.7265625,42.2755223131,176.713693773
150623,17:49:00,9.3515625,42.2123126786,169.90595956
150623,17:50:00,7.734375,41.8962824265,140.545744808
150623,17:51:00,8.5546875,41.4854877387,155.483780098
150623,17:52:00,8.2265625,41.2327160826,149.538763739
150623,17:53:00,8.28125,41.0115565509,150.549362271
150623,17:54:00,8.0,40.88518624,145.445482068
150623,17:55:00,7.1796875,40.6324599376,130.548005157
150623,17:56:00,7.0703125,40.4429277383,128.571333089
150623,17:57:00,5.203125,40.0007276868,94.6378998445
150623,17:58:00,6.734375,39.5901656698,122.514256414
150623,17:59:00,5.9921875,39.4954277414,109.017231819
150623,18:00:00,4.25,39.1796540128,77.3333399357
150623,18:01:00,4.4921875,38.6429070327,81.7619913329
150623,18:02:00,5.1875,38.3903499945,94.4291692288
150623,18:03:00,4.8984375,38.3272137118,89.1700990843
150623,18:04:00,4.3125,38.1378120071,78.5112051511
150623,18:05:00,4.8203125,37.8537295374,87.768569416
150623,18:06:00,4.78125,37.8221663063,87.0586819805
150623,18:07:00,4.75,37.6327931671,86.4978089946
150623,18:08:00,4.4765625,37.4434307367,81.5261648782
150623,18:09:00,4.328125,37.190964151,78.8327437863
150623,18:10:00,4.03125,37.1278504782,73.4277467798
150623,18:11:00,3.5546875,36.9700714995,64.7524123495
150623,18:12:00,3.3203125,36.8122999529,60.48776576
150623,18:13:00,3.21875,36.6545358375,58.6421504017
150623,18:14:00,3.1171875,36.5914322719,56.7935728439
150623,18:15:00,3.2734375,36.2443839079,59.6506596623
150623,18:16:00,3.0390625,36.3074809362,55.3779920505
150623,18:17:00,2.8671875,36.0235536667,52.2534511479
150623,18:18:00,2.8359375,35.9604619856,51.6855527711
150623,18:19:00,2.765625,35.8027379804,50.4080463978
150623,18:20:00,2.703125,35.6450213996,49.2727461974
150623,18:21:00,2.7578125,35.3926903107,50.2759031681
150623,18:22:00,2.6484375,35.2349930286,48.2857455838
150623,18:23:00,2.5234375,35.1403782214,46.0089378225
150623,18:24:00,2.5390625,34.9826928119,46.297454689
150623,18:25:00,2.4375,35.0457660854,44.4441618433
150623,18:26:00,2.421875,34.8565498261,44.1634207067
150623,18:27:00,2.3515625,34.6988777701,42.8846211529
150623,18:28:00,2.2421875,34.5727454657,40.8925541009
150623,18:29:00,2.1484375,34.3520253537,39.1870649838
150623,18:30:00,2.1015625,34.3520253537,38.3320744751
150623,18:31:00,2.15625,34.288965134,39.3307977346
150623,18:32:00,1.9140625,34.1313197747,34.9159475792
150623,18:33:00,2.0546875,34.0682637068,37.4823772454
150623,18:34:00,2.0859375,34.005208825,38.053645743
150623,18:35:00,1.9453125,34.005208825,35.4882314232
150623,18:36:00,2.0234375,34.005208825,36.9134616008
150623,18:37:00,1.8828125,33.7214765326,34.3528989493
150623,18:38:00,1.828125,33.8160512952,33.3535265521
150623,18:39:00,1.7890625,33.6584281729,32.643405748
150623,18:40:00,1.515625,33.5953809989,27.6551069609
150623,18:41:00,1.5546875,33.5953809989,28.3678674495
150623,18:42:00,1.5703125,33.5323350105,28.6538710355
150623,18:43:00,1.6015625,33.5008124608,29.2245559843
150623,18:44:00,1.390625,33.3432041579,25.3774595079
150623,18:45:00,1.3125,33.1856032631,23.9536392517
150623,18:46:00,1.3203125,33.2171228494,24.0958422401
150623,18:47:00,1.2109375,33.0595278804,22.1014713801
150623,18:48:00,1.1484375,33.154083973,20.9597633172
150623,18:49:00,1.109375,32.8704236937,20.2497065545
150623,18:50:00,1.0546875,32.8704236937,19.2514815835
150623,18:51:00,1.0546875,32.8389073659,19.2517837671
150623,18:52:00,1.09375,32.712845017,19.9660663668
150623,18:53:00,1.0546875,32.712845017,19.252992568
150623,18:54:00,0.8828125,32.4607345341,16.1174917426
150623,18:55:00,0.75,32.5552737442,13.6920915333
150623,18:56:00,0.765625,32.3661979887,13.9786599797
150623,18:57:00,0.7109375,32.492247308,12.9793692483
150623,18:58:00,0.625,32.271664108,11.4116884201
150623,18:59:00,0.6171875,32.1771328916,11.2695730484
150623,19:00:00,0.5703125,32.2401534065,10.4133291546
150623,19:01:00,0.421875,32.2401534065,7.70301060751
150623,19:02:00,0.4921875,31.8935552264,8.98839777133
150623,19:03:00,0.3671875,31.8620480767,6.70573535981
150623,19:04:00,0.328125,31.7990346652,5.99254741755
150623,19:05:00,0.2734375,31.7990346652,4.99378951463
150623,19:06:00,0.25,31.7360224374,4.56589377957
150623,19:07:00,0.265625,31.7045167673,4.8513383066
150623,19:08:00,0.078125,31.5784970459,1.42695381958
150623,19:09:00,0.015625,31.5469928552,0.285395244751
150623,19:10:00,-0.0546875,31.6415063149,-0.998836308901
150623,19:11:00,0.0234375,31.5469928552,0.428092867126
150623,19:12:00,-0.03125,31.3579739236,-0.570844263659
150623,19:13:00,0.0,31.3894763393,0.0
150623,19:14:00,0.0,31.3579739236,0.0
150623,19:15:00,0.0,31.3579739236,0.0
150623,19:16:00,-0.0546875,31.3579739236,-0.998977461403
150623,19:17:00,-0.078125,31.1374652955,-1.42726752288
150623,19:18:00,-0.0078125,31.042966034,-0.14273347576
150623,19:19:00,-0.109375,30.9799680049,-1.99833141649
150623,19:20:00,-0.0546875,30.9799680049,-0.999165708244
150623,19:21:00,-0.1484375,30.8539754951,-2.71219155666
150623,19:22:00,-0.109375,30.8539754951,-1.99845693649
150623,19:23:00,-0.234375,30.7909810142,-4.28254221564
150623,19:24:00,-0.0625,30.6649956002,-1.1420829927
150623,19:25:00,-0.109375,30.6649956002,-1.99864523722
150623,19:26:00,-0.078125,30.6334999858,-1.42762615935
150623,19:27:00,-0.1328125,30.4760263475,-2.42715504058
150623,19:28:00,-0.0703125,30.4760263475,-1.28496443325
150623,19:29:00,-0.1875,30.5705096437,-3.42641039471
150623,19:30:00,-0.203125,30.507520484,-3.71206117935
150623,19:31:00,-0.21875,30.4130389612,-3.99779268712
150623,19:32:00,-0.1015625,30.3815457114,-1.85614718247
150623,19:33:00,-0.2734375,30.3815457114,-4.99731933741
150623,19:34:00,-0.140625,30.3815457114,-2.57004994496
150623,19:35:00,0.03125,30.3815457114,0.57112220999
150623,19:36:00,-0.265625,30.3500527572,-4.85461502286
150623,19:37:00,-0.15625,30.2870677352,-2.85574559046
150623,19:38:00,-0.1171875,30.4445325066,-2.14164102091
150623,19:39:00,-0.15625,30.3500527572,-2.8556558958
150623,19:40:00,-0.3125,30.2555756675,-5.71158087856
150623,19:41:00,-0.140625,30.2555756675,-2.57021139535
150623,19:42:00,-0.125,30.2870677352,-2.28459647237
150623,19:43:00,-0.1640625,30.2240838953,-2.99862705353
150623,19:44:00,-0.15625,30.3185600984,-2.85570074264
150623,19:45:00,-0.2265625,30.3185600984,-4.14076607683
150623,19:46:00,-0.15625,30.2870677352,-2.85574559046
150623,19:47:00,-0.09375,30.2870677352,-1.71344735428
150623,19:48:00,-0.15625,30.2870677352,-2.85574559046
150623,19:49:00,-0.1484375,30.2555756675,-2.71300091731
150623,19:50:00,-0.125,30.1925924186,-2.2847041119
150623,19:51:00,-0.125,30.2555756675,-2.28463235142
150623,19:52:00,-0.1015625,30.1925924186,-1.85632209091
150623,19:53:00,-0.28125,30.1925924186,-5.14058425176
150623,19:54:00,-0.1953125,30.0666294667,-3.57007444113
150623,19:55:00,-0.125,30.0666294667,-2.28484764232
150623,19:56:00,-0.1328125,29.9091824246,-2.42784126522
150623,19:57:00,-0.171875,29.9406712421,-3.14186287993
150623,19:58:00,-0.1640625,29.9091824246,-2.99909803351
150623,19:59:00,-0.1875,29.8462056757,-3.42764827651
150623,20:00:00,-0.1640625,29.9091824246,-2.99909803351
150623,20:01:00,-0.125,29.8147177443,-2.28513474113
150623,20:02:00,-0.125,29.8776939024,-2.28506296168
150623,20:03:00,-0.2109375,29.9406712421,-3.85592262536
150623,20:04:00,-0.171875,29.8147177443,-3.14206026905
150623,20:05:00,-0.15625,29.7517427678,-2.85650815467
150623,20:06:00,-0.1875,29.8462056757,-3.42764827651
150623,20:07:00,-0.1796875,29.7202557226,-3.28503597332
150623,20:08:00,-0.1796875,29.8147177443,-3.28488119037
150623,20:09:00,-0.140625,29.7517427678,-2.5708573392
150623,20:10:00,-0.2421875,29.7202557226,-4.42765718143
150623,20:11:00,-0.1953125,29.562824927,-3.57097170396
150623,20:12:00,-0.2734375,29.6887689728,-4.99904630204
150623,20:13:00,-0.203125,29.7202557226,-3.71351892636
150623,20:14:00,-0.15625,29.8147177443,-2.85641842641
150623,20:15:00,-0.1484375,29.7517427678,-2.71368274693
150623,20:16:00,-0.2578125,29.6257963592,-4.71353457803
150623,20:17:00,-0.2109375,29.8147177443,-3.85616487565
150623,20:18:00,-0.0625,29.7517427678,-1.14260326187
150623,20:19:00,-0.171875,29.6572825183,-3.14230702992
150623,20:20:00,-0.1328125,29.6887689728,-2.42810820385
150623,20:21:00,-0.171875,29.7517427678,-3.14215897013
150623,20:22:00,-0.140625,29.6887689728,-2.57093809819
150623,20:23:00,-0.1875,29.6572825183,-3.42797130536
150623,20:24:00,-0.1796875,29.6257963592,-3.2851907665
150623,20:25:00,-0.1953125,29.7832301084,-3.57057911256
150623,20:26:00,-0.140625,29.8776939024,-2.57069583189
150623,20:27:00,-0.1484375,29.7517427678,-2.71368274693
150623,20:28:00,-0.15625,29.7202557226,-2.85655302028
150623,20:29:00,-0.1484375,29.6887689728,-2.71376799254
150623,20:30:00,-0.3203125,29.6887689728,-5.85602566811
150623,20:31:00,-0.1484375,29.7517427678,-2.71368274693
150623,20:32:00,-0.203125,29.7202557226,-3.71351892636
150623,20:33:00,-0.265625,29.6887689728,-4.8562164077
150623,20:34:00,-0.15625,29.7517427678,-2.85650815467
150623,20:35:00,-0.1875,29.6257963592,-3.42802514766
150623,20:36:00,-0.1953125,29.8147177443,-3.57052303301
150623,20:37:00,-0.1953125,29.8147177443,-3.57052303301
150623,20:38:00,-0.109375,29.6887689728,-1.99961852082
150623,20:39:00,-0.1328125,29.6257963592,-2.42818447959
150623,20:40:00,-0.1953125,29.6887689728,-3.5707473586
150623,20:41:00,-0.1484375,29.6887689728,-2.71376799254
150623,20:42:00,-0.21875,29.7202557226,-3.99917422839
150623,20:43:00,-0.1484375,29.7517427678,-2.71368274693
150623,20:44:00,-0.140625,29.6572825183,-2.57097847902
150623,20:45:00,-0.171875,29.6257963592,-3.14235638535
150623,20:46:00,-0.1640625,29.6572825183,-2.99947489219
150623,20:47:00,-0.203125,29.5943104954,-3.7137522404
150623,20:48:00,-0.15625,29.5943104954,-2.85673249261
150623,20:49:00,-0.2265625,29.5313396539,-4.14239224033
150623,20:50:00,-0.1953125,29.5943104954,-3.57091561577
150623,20:51:00,-0.0546875,29.5943104954,-0.999856372415
150623,20:52:00,-0.1484375,29.5313396539,-2.71398112298
150623,20:53:00,-0.109375,29.562824927,-1.99974415422
150623,20:54:00,-0.1015625,29.6257963592,-1.85684695498
150623,20:55:00,-0.171875,29.5943104954,-3.14240574188
150623,20:56:00,-0.1875,29.6257963592,-3.42802514766
150623,20:57:00,-0.1328125,29.6257963592,-2.42818447959
150623,20:58:00,-0.203125,29.6257963592,-3.71369390996
150623,20:59:00,-0.15625,29.6572825183,-2.85664275447
150623,21:00:00,0.03125,29.6257963592,0.571337524609
150623,21:01:00,-0.125,29.7202557226,-2.28524241622
150623,21:02:00,-0.359375,29.7517427678,-6.56996875574
150623,21:03:00,-0.140625,29.7202557226,-2.57089771825
150623,21:04:00,-0.15625,29.7832301084,-2.85646329004
150623,21:05:00,-0.0078125,29.6257963592,-0.142834381152
150623,21:06:00,-0.15625,29.5313396539,-2.85682223471
150623,21:07:00,-0.2109375,29.6257963592,-3.85652829111
150623,21:08:00,-0.15625,29.6257963592,-2.85668762305
150623,21:09:00,-0.234375,29.7202557226,-4.28482953042
150623,21:10:00,-0.15625,29.6887689728,-2.85659788688
150623,21:11:00,-0.21875,29.4998546761,-3.99961395014
150623,21:12:00,-0.1953125,29.5313396539,-3.57102779339
150623,21:13:00,-0.1640625,29.6257963592,-2.9995220042
150623,21:14:00,-0.109375,29.6257963592,-1.99968133613
150623,21:15:00,-0.1328125,29.7202557226,-2.42807006724
150623,21:16:00,-0.1484375,29.7517427678,-2.71368274693
150623,21:17:00,-0.1640625,29.5943104954,-2.99956911724
150623,21:18:00,-0.125,29.7202557226,-2.28524241622
150623,21:19:00,-0.15625,29.7517427678,-2.85650815467
150623,21:20:00,-0.1796875,29.7202557226,-3.28503597332
150623,21:21:00,-0.109375,29.6887689728,-1.99961852082
150623,21:22:00,-0.0859375,29.7202557226,-1.57110416115
150623,21:23:00,-0.1875,29.6572825183,-3.42797130536
150623,21:24:00,-0.0625,29.6887689728,-1.14263915475
150623,21:25:00,-0.3203125,29.5943104954,-5.85630160986
150623,21:26:00,-0.109375,29.7202557226,-1.9995871142
150623,21:27:00,-0.1484375,29.6887689728,-2.71376799254
150623,21:28:00,-0.2265625,29.6572825183,-4.14213199398
150623,21:29:00,-0.140625,29.7832301084,-2.57081696104
150623,21:30:00,-0.2109375,29.5943104954,-3.85658886503
150623,21:31:00,0.0703125,29.7202557226,1.28544885913
150623,21:32:00,-0.03125,29.7202557226,-0.571310604056
150623,21:33:00,-0.2265625,29.6572825183,-4.14213199398
150623,21:34:00,-0.1640625,29.6257963592,-2.9995220042
150623,21:35:00,-0.171875,29.6257963592,-3.14235638535
150623,21:36:00,-0.1640625,29.6887689728,-2.99942778122
150623,21:37:00,-0.2109375,29.4998546761,-3.85677059478
150623,21:38:00,-0.125,29.6887689728,-2.2852783095
150623,21:39:00,-0.1484375,29.4998546761,-2.71402375188
150623,21:40:00,-0.1953125,29.562824927,-3.57097170396
150623,21:41:00,-0.046875,29.5943104954,-0.857019747784
150623,21:42:00,-0.0546875,29.562824927,-0.999872077109
150623,21:43:00,-0.2578125,29.5313396539,-4.71375668728
150623,21:44:00,-0.1796875,29.5313396539,-3.28534556992
150623,21:45:00,-0.2265625,29.5313396539,-4.14239224033
150623,21:46:00,-0.1953125,29.5943104954,-3.57091561577
150623,21:47:00,-0.1328125,29.4998546761,-2.42833704116
150623,21:48:00,-0.203125,29.5943104954,-3.7137522404
150623,21:49:00,-0.1640625,29.562824927,-2.99961623133
150623,21:50:00,-0.03125,29.4998546761,-0.571373421449
150623,21:51:00,-0.15625,29.562824927,-2.85677736317
150623,21:52:00,-0.15625,29.6572825183,-2.85664275447
150623,21:53:00,-0.1875,29.6887689728,-3.42791746426
150623,21:54:00,-0.140625,29.562824927,-2.57109962685
150623,21:55:00,-0.1640625,29.562824927,-2.99961623133
150623,21:56:00,-0.1953125,29.5943104954,-3.57091561577
150623,21:57:00,-0.21875,29.5313396539,-3.9995511286
150623,21:58:00,-0.1328125,29.5943104954,-2.42822261872
150623,21:59:00,-0.2265625,29.4998546761,-4.1424573055
150623,22:00:00,-0.1171875,29.4368856064,-2.14271764146
150623,22:01:00,-0.203125,29.3739177179,-3.71416058944
150623,22:02:00,-0.1796875,29.4368856064,-3.28550038357
150623,22:03:00,-0.03125,29.4054015145,-0.571400346155
150623,22:04:00,-0.09375,29.4368856064,-1.71417411317
150623,22:05:00,-0.15625,29.562824927,-2.85677736317
150623,22:06:00,-0.1328125,29.6572825183,-2.4281463413
150623,22:07:00,-0.1484375,29.562824927,-2.71393849501
150623,22:08:00,-0.125,29.6257963592,-2.28535009844
150623,22:09:00,-0.1796875,29.7202557226,-3.28503597332
150623,22:10:00,-0.1640625,29.6572825183,-2.99947489219
150623,22:11:00,-0.046875,29.5313396539,-0.857046670414
150623,22:12:00,-0.171875,29.6257963592,-3.14235638535
150623,22:13:00,-0.1953125,29.6257963592,-3.57085952881
150623,22:14:00,-0.1953125,29.6887689728,-3.5707473586
150623,22:15:00,-0.171875,29.4998546761,-3.14255381797
150623,22:16:00,-0.2421875,29.562824927,-4.42800491291
150623,22:17:00,-0.1640625,29.5313396539,-2.99966334645
150623,22:18:00,-0.1953125,29.562824927,-3.57097170396
150623,22:19:00,-0.140625,29.562824927,-2.57109962685
150623,22:20:00,-0.140625,29.562824927,-2.57109962685
150623,22:21:00,-0.1484375,29.6887689728,-2.71376799254
150623,22:22:00,-0.171875,29.5313396539,-3.14250445818
150623,22:23:00,-0.046875,29.6257963592,-0.857006286914
150623,22:24:00,-0.125,29.4998546761,-2.2854936858
150623,22:25:00,-0.09375,29.5943104954,-1.71403949557
150623,22:26:00,-0.0703125,29.562824927,-1.28554981343
150623,22:27:00,-0.203125,29.5943104954,-3.7137522404
150623,22:28:00,-0.2890625,29.4683699936,-5.28528716442
150623,22:29:00,-0.1328125,29.6572825183,-2.4281463413
150623,22:30:00,-0.1484375,29.6572825183,-2.71381061675
150623,22:31:00,-0.140625,29.5943104954,-2.57105924335
150623,22:32:00,-0.1640625,29.562824927,-2.99961623133
150623,22:33:00,-0.1484375,29.7517427678,-2.71368274693
150623,22:34:00,-0.1640625,29.7517427678,-2.9993335624
150623,22:35:00,-0.1953125,29.6572825183,-3.57080344309
150623,22:36:00,-0.234375,29.6887689728,-4.28489683032
150623,22:37:00,-0.1484375,29.6887689728,-2.71376799254
150623,22:38:00,-0.0859375,29.562824927,-1.57122754974
150623,22:39:00,-0.1640625,29.6572825183,-2.99947489219
150623,22:40:00,-0.1796875,29.4683699936,-3.28544877788
150623,22:41:00,-0.125,29.5943104954,-2.28538599409
150623,22:42:00,-0.171875,29.4998546761,-3.14255381797
150623,22:43:00,-0.1328125,29.6257963592,-2.42818447959
150623,22:44:00,-0.140625,29.5943104954,-2.57105924335
150623,22:45:00,-0.125,29.5943104954,-2.28538599409
150623,22:46:00,-0.15625,29.6572825183,-2.85664275447
150623,22:47:00,-0.15625,29.5943104954,-2.85673249261
150623,22:48:00,-0.15625,29.4998546761,-2.85686710724
150623,22:49:00,-0.140625,29.7517427678,-2.5708573392
150623,22:50:00,-0.1328125,29.5313396539,-2.42829889951
150623,22:51:00,-0.1796875,29.562824927,-3.28529396764
150623,22:52:00,-0.078125,29.4368856064,-1.42847842764
150623,22:53:00,-0.1796875,29.5943104954,-3.28524236651
150623,22:54:00,-0.1796875,29.4054015145,-3.28555199039
150623,22:55:00,-0.25,29.562824927,-4.57084378107
150623,22:56:00,-0.15625,29.4368856064,-2.85695685528
150623,22:57:00,-0.15625,29.4683699936,-2.85691198077
150623,22:58:00,-0.1796875,29.4054015145,-3.28555199039
150623,22:59:00,-0.15625,29.3739177179,-2.85704660726
150623,23:00:00,-0.1171875,29.4368856064,-2.14271764146
150623,23:01:00,-0.1875,29.4998546761,-3.42824052869
150623,23:02:00,-0.125,29.4054015145,-2.28560138462
150623,23:03:00,-0.1875,29.4054015145,-3.42840207693
150623,23:04:00,-0.09375,29.5313396539,-1.71409334083
150623,23:05:00,-0.4140625,29.3739177179,-7.57117350925
150623,23:06:00,-0.171875,29.562824927,-3.14245509949
150623,23:07:00,-0.2890625,29.5943104954,-5.28495511134
150623,23:08:00,-0.1875,29.6257963592,-3.42802514766
150623,23:09:00,-0.171875,29.5943104954,-3.14240574188
150623,23:10:00,-0.1484375,29.5313396539,-2.71398112298
150623,23:11:00,-0.09375,29.4054015145,-1.71420103846
150623,23:12:00,-0.140625,29.562824927,-2.57109962685
150623,23:13:00,-0.1875,29.4998546761,-3.42824052869
150623,23:14:00,-0.28125,29.4998546761,-5.14236079304
150623,23:15:00,-0.078125,29.5943104954,-1.42836624631
150623,23:16:00,-0.1640625,29.5313396539,-2.99966334645
150623,23:17:00,-0.1796875,29.5313396539,-3.28534556992
150623,23:18:00,-0.2890625,29.5943104954,-5.28495511134
150623,23:19:00,-0.21875,29.6887689728,-3.99923704163
150623,23:20:00,-0.1796875,29.6257963592,-3.2851907665
150623,23:21:00,-0.046875,29.7202557226,-0.856965906084
150623,23:22:00,-0.140625,29.6887689728,-2.57093809819
150623,23:23:00,-0.0546875,29.6887689728,-0.999809260408
150623,23:24:00,-0.109375,29.562824927,-1.99974415422
150623,23:25:00,-0.1484375,29.6257963592,-2.7138532419
150623,23:26:00,-0.1796875,29.5943104954,-3.28524236651
150623,23:27:00,-0.15625,29.562824927,-2.85677736317
150623,23:28:00,-0.1640625,29.6257963592,-2.9995220042
150623,23:29:00,-0.140625,29.6887689728,-2.57093809819
150623,23:30:00,-0.25,29.6257963592,-4.57070019688
150623,23:31:00,-0.1796875,29.562824927,-3.28529396764
150623,23:32:00,-0.1171875,29.4683699936,-2.14268398557
150623,23:33:00,-0.125,29.4054015145,-2.28560138462
150623,23:34:00,-0.203125,29.4998546761,-3.71392723942
150623,23:35:00,-0.0703125,29.5313396539,-1.28557000562
150623,23:36:00,-0.140625,29.3739177179,-2.57134194654
150623,23:37:00,-0.2265625,29.4054015145,-4.14265250962
150623,23:38:00,-0.1640625,29.3424342166,-2.99994605898
150623,23:39:00,-0.1796875,29.1220579742,-3.28601650298
150623,23:40:00,-0.1171875,29.3109510105,-2.1428522724
150623,23:41:00,-0.21875,29.2479854841,-4.00011657234
150623,23:42:00,-0.171875,29.3424342166,-3.14280063321
150623,23:43:00,-0.1796875,29.4054015145,-3.28555199039
150623,23:44:00,-0.09375,29.4368856064,-1.71417411317
150623,23:45:00,-0.1640625,29.3739177179,-2.99989893763
150623,23:46:00,-0.21875,29.4054015145,-3.99980242308
150623,23:47:00,-0.1484375,29.4368856064,-2.71410901251
150623,23:48:00,-0.15625,29.4683699936,-2.85691198077
150623,23:49:00,-0.109375,29.4683699936,-1.99983838654
150623,23:50:00,-0.046875,29.4683699936,-0.85707359423
150623,23:51:00,-0.140625,29.4998546761,-2.57118039652
150623,23:52:00,-0.1875,29.4368856064,-3.42834822633
150623,23:53:00,-0.1875,29.5313396539,-3.42818668165
150623,23:54:00,-0.1484375,29.3109510105,-2.71427954504
150623,23:55:00,-0.1796875,29.3109510105,-3.28570681769
150623,23:56:00,-0.2421875,29.3109510105,-4.42856136297
150623,23:57:00,-0.1328125,29.3109510105,-2.42856590872
150623,23:58:00,-0.1796875,29.3109510105,-3.28570681769
150623,23:59:00,-0.203125,29.3109510105,-3.71427727217
